points_from,points_to,juror_a_ranking,juror_b_ranking,juror_c_ranking,juror_d_ranking,juror_e_ranking,jury_rank,televoting_rank
Albania,Armenia,8,5,9,9,10,4 points 7th,17th
Albania,Australia,12,13,23,16,7,13th,21st
Albania,Azerbaijan,6,17,17,12,6,3 points 8th,18th
Albania,Belgium,13,7,8,11,16,2 points 9th,14th
Albania,Czech Republic,19,14,21,20,18,21st,24th
Albania,Estonia,10,8,24,17,12,12th,5 points 6th
Albania,Finland,21,19,5,19,20,16th,2 points 9th
Albania,France,23,23,18,23,21,24th,22nd
Albania,Germany,9,16,16,10,19,17th,20th
Albania,Greece,15,10,19,8,8,11th,12 points 1st
Albania,Iceland,14,21,7,13,14,14th,25th
Albania,Italy,1,2,2,1,2,12 points 1st,8 points 3rd
Albania,Lithuania,16,18,6,14,23,15th,19th
Albania,Moldova,25,22,14,22,24,23rd,1 point 10th
Albania,Netherlands,5,6,11,3,3,6 points 5th,6 points 5th
Albania,Norway,17,20,15,18,15,20th,16th
Albania,Poland,11,15,25,21,17,19th,13th
Albania,Portugal,20,12,13,5,11,1 point 10th,15th
Albania,Romania,18,25,22,25,22,25th,12th
Albania,Serbia,24,24,12,24,25,22nd,3 points 8th
Albania,Spain,3,9,10,7,9,5 points 6th,7 points 4th
Albania,Sweden,7,1,4,4,5,8 points 3rd,11th
Albania,Switzerland,22,11,20,15,13,18th,23rd
Albania,Ukraine,4,3,3,6,4,7 points 4th,10 points 2nd
Albania,United Kingdom,2,4,1,2,1,10 points 2nd,4 points 7th
Armenia,Australia,17,20,17,23,21,22nd,21st
Armenia,Azerbaijan,24,24,24,24,24,24th,24th
Armenia,Belgium,19,10,20,22,13,17th,16th
Armenia,Czech Republic,12,9,15,13,23,14th,22nd
Armenia,Estonia,5,5,7,11,5,3 points 8th,12 points 1st
Armenia,Finland,22,16,21,21,19,23rd,11th
Armenia,France,9,3,4,6,9,7 points 4th,12th
Armenia,Germany,23,12,16,18,12,18th,13th
Armenia,Greece,14,6,11,8,6,2 points 9th,3 points 8th
Armenia,Iceland,16,17,23,17,22,21st,23rd
Armenia,Italy,2,1,2,2,3,10 points 2nd,14th
Armenia,Lithuania,20,14,22,19,14,20th,2 points 9th
Armenia,Moldova,15,8,14,9,8,1 point 10th,5 points 6th
Armenia,Netherlands,7,7,6,4,7,4 points 7th,15th
Armenia,Norway,13,18,10,7,16,11th,17th
Armenia,Poland,11,23,18,15,20,19th,18th
Armenia,Portugal,1,13,8,3,1,8 points 3rd,4 points 7th
Armenia,Romania,21,19,9,12,10,12th,19th
Armenia,Serbia,10,21,12,10,17,13th,6 points 5th
Armenia,Spain,3,2,1,1,2,12 points 1st,8 points 3rd
Armenia,Sweden,4,4,3,14,18,5 points 6th,7 points 4th
Armenia,Switzerland,18,15,13,20,11,16th,20th
Armenia,Ukraine,6,11,5,5,4,6 points 5th,10 points 2nd
Armenia,United Kingdom,8,22,19,16,15,15th,1 point 10th
Australia,Armenia,22,12,18,22,21,21st,20th
Australia,Azerbaijan,14,6,8,23,4,2 points 9th,23rd
Australia,Belgium,13,5,13,14,3,5 points 6th,21st
Australia,Czech Republic,17,11,4,5,10,4 points 7th,18th
Australia,Estonia,8,17,5,15,8,1 point 10th,14th
Australia,Finland,19,20,7,19,24,19th,15th
Australia,France,20,24,21,18,23,24th,13th
Australia,Germany,18,4,22,7,20,11th,22nd
Australia,Greece,24,16,19,12,14,20th,11th
Australia,Iceland,12,13,10,13,19,17th,19th
Australia,Italy,10,3,24,24,5,3 points 8th,1 point 10th
Australia,Lithuania,6,10,9,20,13,14th,2 points 9th
Australia,Moldova,3,23,17,11,18,13th,4 points 7th
Australia,Netherlands,23,22,23,21,12,23rd,12th
Australia,Norway,9,15,11,17,22,18th,10 points 2nd
Australia,Poland,21,18,20,16,16,22nd,3 points 8th
Australia,Portugal,5,7,15,3,11,6 points 5th,16th
Australia,Romania,16,21,12,6,17,16th,17th
Australia,Serbia,2,8,3,10,7,8 points 3rd,8 points 3rd
Australia,Spain,1,1,1,2,1,12 points 1st,6 points 5th
Australia,Sweden,4,2,2,8,2,10 points 2nd,5 points 6th
Australia,Switzerland,15,19,16,4,9,12th,24th
Australia,Ukraine,7,9,14,1,6,7 points 4th,12 points 1st
Australia,United Kingdom,11,14,6,9,15,15th,7 points 4th
Austria,Armenia,3,7,3,8,8,6 points 5th,15th
Austria,Australia,19,13,17,15,19,18th,20th
Austria,Azerbaijan,21,25,10,23,10,16th,25th
Austria,Belgium,25,23,14,13,16,20th,23rd
Austria,Czech Republic,15,10,11,17,21,15th,21st
Austria,Estonia,12,8,15,16,12,13th,17th
Austria,Finland,16,19,23,21,20,22nd,13th
Austria,France,17,24,22,25,24,24th,14th
Austria,Germany,22,17,16,12,4,11th,2 points 9th
Austria,Greece,6,6,7,9,6,4 points 7th,22nd
Austria,Iceland,14,16,13,11,7,12th,24th
Austria,Italy,18,12,4,3,9,3 points 8th,3 points 8th
Austria,Lithuania,11,20,20,14,15,17th,18th
Austria,Moldova,13,22,19,20,23,21st,7 points 4th
Austria,Netherlands,5,3,5,5,2,8 points 3rd,12th
Austria,Norway,8,4,12,6,5,5 points 6th,5 points 6th
Austria,Poland,24,11,18,18,18,19th,4 points 7th
Austria,Portugal,2,9,1,4,1,10 points 2nd,19th
Austria,Romania,23,18,24,24,22,25th,11th
Austria,Serbia,20,21,25,19,25,23rd,10 points 2nd
Austria,Spain,10,5,8,10,13,2 points 9th,1 point 10th
Austria,Sweden,4,2,6,1,14,7 points 4th,6 points 5th
Austria,Switzerland,9,15,9,7,11,1 point 10th,16th
Austria,Ukraine,7,14,21,22,17,14th,12 points 1st
Austria,United Kingdom,1,1,2,2,3,12 points 1st,8 points 3rd
Azerbaijan,Ukraine,NA,NA,NA,NA,NA,6 points 5th,12 points 1st
Azerbaijan,Spain,NA,NA,NA,NA,NA,5 points 6th,10 points 2nd
Azerbaijan,United Kingdom,NA,NA,NA,NA,NA,12 points 1st,8 points 3rd
Azerbaijan,Norway,NA,NA,NA,NA,NA,NA,7 points 4th
Azerbaijan,Serbia,NA,NA,NA,NA,NA,NA,6 points 5th
Azerbaijan,Italy,NA,NA,NA,NA,NA,10 points 2nd,5 points 6th
Azerbaijan,Sweden,NA,NA,NA,NA,NA,8 points 3rd,4 points 7th
Azerbaijan,Greece,NA,NA,NA,NA,NA,3 points 8th,3 points 8th
Azerbaijan,Australia,NA,NA,NA,NA,NA,NA,2 points 9th
Azerbaijan,Poland,NA,NA,NA,NA,NA,2 points 9th,1 point 10th
Azerbaijan,Portugal,NA,NA,NA,NA,NA,7 points 4th,NA
Azerbaijan,Netherlands,NA,NA,NA,NA,NA,4 points 7th,NA
Azerbaijan,France,NA,NA,NA,NA,NA,1 point 10th,NA
Belgium,Armenia,16,13,14,21,23,22nd,13th
Belgium,Australia,8,5,10,8,10,1 point 10th,17th
Belgium,Azerbaijan,19,1,12,15,9,3 points 8th,22nd
Belgium,Czech Republic,22,6,20,12,2,2 points 9th,23rd
Belgium,Estonia,17,7,18,18,11,16th,12th
Belgium,Finland,15,23,9,7,18,14th,18th
Belgium,France,13,21,19,9,20,19th,16th
Belgium,Germany,18,18,15,10,22,21st,20th
Belgium,Greece,12,10,5,16,15,13th,19th
Belgium,Iceland,21,22,23,22,21,24th,24th
Belgium,Italy,5,3,3,4,12,8 points 3rd,4 points 7th
Belgium,Lithuania,11,11,22,23,3,11th,15th
Belgium,Moldova,10,20,21,17,13,20th,8 points 3rd
Belgium,Netherlands,20,19,6,14,14,15th,10 points 2nd
Belgium,Norway,9,16,13,11,17,17th,14th
Belgium,Poland,23,14,8,13,16,18th,7 points 4th
Belgium,Portugal,3,17,17,5,7,5 points 6th,1 point 10th
Belgium,Romania,24,12,24,20,24,23rd,11th
Belgium,Serbia,2,24,16,24,4,4 points 7th,2 points 9th
Belgium,Spain,4,4,1,3,8,10 points 2nd,6 points 5th
Belgium,Sweden,7,8,4,6,6,7 points 4th,5 points 6th
Belgium,Switzerland,14,9,11,19,5,12th,21st
Belgium,Ukraine,6,15,7,2,19,6 points 5th,12 points 1st
Belgium,United Kingdom,1,2,2,1,1,12 points 1st,3 points 8th
Bulgaria,Armenia,4,18,3,8,7,5 points 6th,5 points 6th
Bulgaria,Australia,11,6,18,21,11,12th,18th
Bulgaria,Azerbaijan,12,7,4,14,6,3 points 8th,23rd
Bulgaria,Belgium,3,4,7,10,9,6 points 5th,20th
Bulgaria,Czech Republic,20,10,6,12,21,13th,24th
Bulgaria,Estonia,14,23,14,16,15,18th,11th
Bulgaria,Finland,18,16,19,23,5,15th,14th
Bulgaria,France,16,19,20,24,22,24th,17th
Bulgaria,Germany,8,22,21,13,12,16th,21st
Bulgaria,Greece,1,8,1,1,2,12 points 1st,6 points 5th
Bulgaria,Iceland,23,24,22,25,25,25th,22nd
Bulgaria,Italy,9,20,10,4,19,1 point 10th,2 points 9th
Bulgaria,Lithuania,13,14,11,22,18,17th,15th
Bulgaria,Moldova,10,21,23,19,16,19th,7 points 4th
Bulgaria,Netherlands,17,12,24,9,8,14th,19th
Bulgaria,Norway,15,5,9,7,17,2 points 9th,1 point 10th
Bulgaria,Poland,22,17,17,15,24,22nd,16th
Bulgaria,Portugal,7,9,5,11,4,4 points 7th,13th
Bulgaria,Romania,19,13,15,20,20,21st,4 points 7th
Bulgaria,Serbia,25,15,16,18,14,20th,10 points 2nd
Bulgaria,Spain,6,1,2,3,23,8 points 3rd,8 points 3rd
Bulgaria,Sweden,21,11,12,6,10,11th,12th
Bulgaria,Switzerland,5,3,8,5,1,7 points 4th,25th
Bulgaria,Ukraine,24,25,25,17,13,23rd,12 points 1st
Bulgaria,United Kingdom,2,2,13,2,3,10 points 2nd,3 points 8th
Croatia,Armenia,22,8,16,16,19,17th,19th
Croatia,Australia,13,18,22,13,17,20th,22nd
Croatia,Azerbaijan,17,25,19,10,8,13th,25th
Croatia,Belgium,20,24,17,18,23,23rd,18th
Croatia,Czech Republic,19,14,12,17,9,15th,20th
Croatia,Estonia,18,20,21,21,10,21st,2 points 9th
Croatia,Finland,24,21,24,24,21,25th,16th
Croatia,France,14,15,23,25,15,22nd,1 point 10th
Croatia,Germany,21,3,20,19,20,12th,17th
Croatia,Greece,10,12,5,6,7,3 points 8th,21st
Croatia,Iceland,15,13,18,14,14,18th,24th
Croatia,Italy,7,16,11,3,4,4 points 7th,6 points 5th
Croatia,Lithuania,4,10,4,8,3,7 points 4th,3 points 8th
Croatia,Moldova,25,23,25,22,16,24th,8 points 3rd
Croatia,Netherlands,8,6,7,5,24,2 points 9th,11th
Croatia,Norway,6,9,13,20,13,11th,5 points 6th
Croatia,Poland,9,19,15,15,12,14th,13th
Croatia,Portugal,2,11,2,1,2,10 points 2nd,12th
Croatia,Romania,23,22,8,23,11,16th,15th
Croatia,Serbia,1,1,3,2,1,12 points 1st,12 points 1st
Croatia,Spain,5,2,6,11,6,6 points 5th,7 points 4th
Croatia,Sweden,11,4,1,7,22,5 points 6th,4 points 7th
Croatia,Switzerland,12,7,10,9,25,1 point 10th,23rd
Croatia,Ukraine,3,5,9,4,5,8 points 3rd,10 points 2nd
Croatia,United Kingdom,16,17,14,12,18,19th,14th
Cyprus,Armenia,17,14,23,18,17,22nd,1 point 10th
Cyprus,Australia,3,3,11,3,2,8 points 3rd,16th
Cyprus,Azerbaijan,4,4,2,1,11,10 points 2nd,22nd
Cyprus,Belgium,10,6,13,8,10,2 points 9th,19th
Cyprus,Czech Republic,11,19,9,20,6,13th,24th
Cyprus,Estonia,8,10,12,17,20,16th,17th
Cyprus,Finland,7,17,21,15,7,14th,14th
Cyprus,France,19,23,4,22,12,15th,20th
Cyprus,Germany,14,21,24,14,9,18th,15th
Cyprus,Greece,1,2,3,4,5,12 points 1st,10 points 2nd
Cyprus,Iceland,15,25,25,25,25,24th,25th
Cyprus,Italy,9,16,5,10,22,1 point 10th,5 points 6th
Cyprus,Lithuania,23,20,17,13,24,23rd,2 points 9th
Cyprus,Moldova,24,15,18,11,15,19th,11th
Cyprus,Netherlands,13,22,10,21,23,20th,18th
Cyprus,Norway,18,9,6,9,16,11th,13th
Cyprus,Poland,5,7,19,16,19,12th,3 points 8th
Cyprus,Portugal,21,24,22,23,21,25th,21st
Cyprus,Romania,25,18,16,12,14,21st,4 points 7th
Cyprus,Serbia,22,1,15,19,4,4 points 7th,7 points 4th
Cyprus,Spain,16,12,1,2,8,6 points 5th,8 points 3rd
Cyprus,Sweden,6,11,7,7,3,5 points 6th,12th
Cyprus,Switzerland,20,13,20,6,18,17th,23rd
Cyprus,Ukraine,2,5,14,24,1,7 points 4th,12 points 1st
Cyprus,United Kingdom,12,8,8,5,13,3 points 8th,6 points 5th
Czech Republic,Armenia,15,15,9,12,15,15th,11th
Czech Republic,Australia,13,6,14,14,6,1 point 10th,16th
Czech Republic,Azerbaijan,14,14,18,16,5,12th,18th
Czech Republic,Belgium,10,8,10,15,20,13th,22nd
Czech Republic,Estonia,3,5,6,9,4,8 points 3rd,4 points 7th
Czech Republic,Finland,23,21,19,17,10,18th,1 point 10th
Czech Republic,France,22,23,22,19,23,23rd,14th
Czech Republic,Germany,12,18,12,20,13,16th,17th
Czech Republic,Greece,9,11,7,5,7,3 points 8th,19th
Czech Republic,Iceland,18,17,17,22,22,20th,23rd
Czech Republic,Italy,11,12,15,10,18,14th,15th
Czech Republic,Lithuania,19,19,21,24,19,21st,13th
Czech Republic,Moldova,24,24,24,23,24,24th,8 points 3rd
Czech Republic,Netherlands,8,10,13,11,14,11th,12th
Czech Republic,Norway,20,16,11,3,9,2 points 9th,3 points 8th
Czech Republic,Poland,17,13,16,13,17,17th,7 points 4th
Czech Republic,Portugal,6,4,3,6,16,5 points 6th,20th
Czech Republic,Romania,21,20,23,21,21,22nd,21st
Czech Republic,Serbia,16,22,20,18,11,19th,10 points 2nd
Czech Republic,Spain,5,7,5,7,3,7 points 4th,6 points 5th
Czech Republic,Sweden,2,1,2,2,1,10 points 2nd,5 points 6th
Czech Republic,Switzerland,4,3,8,4,12,6 points 5th,24th
Czech Republic,Ukraine,7,9,4,8,8,4 points 7th,12 points 1st
Czech Republic,United Kingdom,1,2,1,1,2,12 points 1st,2 points 9th
Denmark,Armenia,15,6,20,17,14,14th,19th
Denmark,Australia,10,25,11,23,19,19th,17th
Denmark,Azerbaijan,16,24,15,14,7,15th,25th
Denmark,Belgium,23,17,18,7,17,16th,23rd
Denmark,Czech Republic,13,9,22,15,20,18th,24th
Denmark,Estonia,18,14,12,10,23,17th,3 points 8th
Denmark,Finland,19,23,17,18,21,24th,13th
Denmark,France,22,18,16,20,24,25th,22nd
Denmark,Germany,25,20,23,13,15,23rd,20th
Denmark,Greece,3,2,6,4,3,12 points 1st,21st
Denmark,Iceland,11,7,19,6,11,1 point 10th,2 points 9th
Denmark,Italy,17,22,5,19,5,11th,18th
Denmark,Lithuania,4,5,8,22,9,3 points 8th,7 points 4th
Denmark,Moldova,20,4,25,25,25,13th,5 points 6th
Denmark,Netherlands,5,3,7,2,2,10 points 2nd,12th
Denmark,Norway,8,19,13,8,13,12th,8 points 3rd
Denmark,Poland,24,16,14,12,16,22nd,4 points 7th
Denmark,Portugal,7,12,4,1,1,8 points 3rd,14th
Denmark,Romania,14,10,24,16,18,20th,15th
Denmark,Serbia,9,15,21,24,22,21st,11th
Denmark,Spain,2,21,3,21,12,4 points 7th,1 point 10th
Denmark,Sweden,12,1,1,11,6,7 points 4th,10 points 2nd
Denmark,Switzerland,21,8,9,3,8,2 points 9th,16th
Denmark,Ukraine,1,13,10,5,10,5 points 6th,12 points 1st
Denmark,United Kingdom,6,11,2,9,4,6 points 5th,6 points 5th
Estonia,Armenia,8,13,17,8,16,13th,14th
Estonia,Australia,3,5,3,3,3,8 points 3rd,22nd
Estonia,Azerbaijan,18,3,4,18,20,3 points 8th,24th
Estonia,Belgium,17,14,11,21,13,17th,19th
Estonia,Czech Republic,14,17,18,17,15,21st,20th
Estonia,Finland,10,10,10,2,6,5 points 6th,8 points 3rd
Estonia,France,21,6,13,13,19,15th,21st
Estonia,Germany,19,19,23,11,14,19th,2 points 9th
Estonia,Greece,7,4,6,6,12,6 points 5th,23rd
Estonia,Iceland,11,22,22,20,9,16th,16th
Estonia,Italy,5,2,2,4,1,10 points 2nd,15th
Estonia,Lithuania,4,18,7,19,10,2 points 9th,7 points 4th
Estonia,Moldova,20,23,21,22,23,23rd,6 points 5th
Estonia,Netherlands,6,12,5,14,17,1 point 10th,3 points 8th
Estonia,Norway,12,21,24,12,22,20th,4 points 7th
Estonia,Poland,23,20,19,9,18,18th,13th
Estonia,Portugal,2,11,15,7,4,7 points 4th,11th
Estonia,Romania,24,16,14,16,21,22nd,18th
Estonia,Serbia,22,24,20,23,24,24th,12th
Estonia,Spain,16,7,16,10,7,11th,1 point 10th
Estonia,Sweden,1,1,1,1,2,12 points 1st,10 points 2nd
Estonia,Switzerland,13,15,9,24,5,12th,17th
Estonia,Ukraine,15,8,12,15,11,14th,12 points 1st
Estonia,United Kingdom,9,9,8,5,8,4 points 7th,5 points 6th
Finland,Armenia,13,12,7,12,5,1 point 10th,24th
Finland,Australia,4,3,6,3,7,8 points 3rd,11th
Finland,Azerbaijan,11,9,13,8,2,3 points 8th,22nd
Finland,Belgium,18,6,23,18,23,17th,18th
Finland,Czech Republic,5,19,9,13,13,12th,15th
Finland,Estonia,16,18,10,16,15,18th,10 points 2nd
Finland,France,20,16,24,23,12,19th,1 point 10th
Finland,Germany,24,22,21,19,24,24th,20th
Finland,Greece,17,4,4,2,14,6 points 5th,23rd
Finland,Iceland,19,20,18,24,19,22nd,19th
Finland,Italy,8,7,20,9,6,2 points 9th,16th
Finland,Lithuania,21,15,19,20,22,21st,2 points 9th
Finland,Moldova,12,24,22,22,16,20th,5 points 6th
Finland,Netherlands,9,5,8,6,3,5 points 6th,12th
Finland,Norway,2,17,3,15,9,4 points 7th,6 points 5th
Finland,Poland,15,13,14,14,8,15th,13th
Finland,Portugal,14,11,15,11,17,16th,17th
Finland,Romania,23,23,16,21,20,23rd,14th
Finland,Serbia,1,8,17,7,1,7 points 4th,7 points 4th
Finland,Spain,10,21,11,5,11,11th,3 points 8th
Finland,Sweden,3,1,1,1,4,12 points 1st,8 points 3rd
Finland,Switzerland,22,14,5,17,21,14th,21st
Finland,Ukraine,6,10,12,10,18,13th,12 points 1st
Finland,United Kingdom,7,2,2,4,10,10 points 2nd,4 points 7th
France,Armenia,4,7,6,3,7,7 points 4th,5 points 6th
France,Australia,16,11,8,23,19,15th,18th
France,Azerbaijan,24,22,23,22,21,24th,23rd
France,Belgium,9,6,7,5,3,6 points 5th,16th
France,Czech Republic,11,14,10,10,4,2 points 9th,22nd
France,Estonia,14,9,18,19,20,17th,13th
France,Finland,23,15,22,14,10,18th,17th
France,Germany,21,20,13,18,16,21st,20th
France,Greece,7,21,5,6,12,3 points 8th,21st
France,Iceland,18,8,21,9,5,12th,19th
France,Italy,20,10,19,17,18,19th,3 points 8th
France,Lithuania,19,16,15,16,13,20th,12th
France,Moldova,12,23,20,21,23,22nd,10 points 2nd
France,Netherlands,6,19,9,4,8,4 points 7th,14th
France,Norway,8,18,17,13,9,14th,15th
France,Poland,1,1,12,8,6,8 points 3rd,4 points 7th
France,Portugal,10,5,14,7,17,1 point 10th,6 points 5th
France,Romania,22,17,24,20,22,23rd,1 point 10th
France,Serbia,13,24,3,24,24,13th,8 points 3rd
France,Spain,3,4,11,15,15,5 points 6th,7 points 4th
France,Sweden,15,13,4,11,11,11th,11th
France,Switzerland,17,12,16,12,14,16th,24th
France,Ukraine,5,2,2,1,1,10 points 2nd,12 points 1st
France,United Kingdom,2,3,1,2,2,12 points 1st,2 points 9th
Georgia,Ukraine,NA,NA,NA,NA,NA,6 points 5th,12 points 1st
Georgia,Armenia,NA,NA,NA,NA,NA,NA,10 points 2nd
Georgia,Moldova,NA,NA,NA,NA,NA,NA,8 points 3rd
Georgia,Serbia,NA,NA,NA,NA,NA,NA,7 points 4th
Georgia,Spain,NA,NA,NA,NA,NA,5 points 6th,6 points 5th
Georgia,Lithuania,NA,NA,NA,NA,NA,NA,5 points 6th
Georgia,United Kingdom,NA,NA,NA,NA,NA,12 points 1st,4 points 7th
Georgia,Azerbaijan,NA,NA,NA,NA,NA,NA,3 points 8th
Georgia,Finland,NA,NA,NA,NA,NA,NA,2 points 9th
Georgia,Greece,NA,NA,NA,NA,NA,3 points 8th,1 point 10th
Georgia,Italy,NA,NA,NA,NA,NA,10 points 2nd,NA
Georgia,Sweden,NA,NA,NA,NA,NA,8 points 3rd,NA
Georgia,Portugal,NA,NA,NA,NA,NA,7 points 4th,NA
Georgia,Netherlands,NA,NA,NA,NA,NA,4 points 7th,NA
Georgia,Poland,NA,NA,NA,NA,NA,2 points 9th,NA
Georgia,France,NA,NA,NA,NA,NA,1 point 10th,NA
Germany,Armenia,16,19,15,18,9,20th,14th
Germany,Australia,10,12,1,12,20,5 points 6th,20th
Germany,Azerbaijan,8,20,2,8,8,6 points 5th,23rd
Germany,Belgium,18,6,5,13,13,11th,21st
Germany,Czech Republic,20,22,12,22,16,23rd,22nd
Germany,Estonia,12,11,14,6,7,12th,15th
Germany,Finland,22,18,10,19,21,21st,12th
Germany,France,24,24,9,20,24,22nd,18th
Germany,Greece,15,14,19,11,10,17th,19th
Germany,Iceland,23,13,21,24,22,24th,24th
Germany,Italy,21,9,16,21,12,18th,3 points 8th
Germany,Lithuania,19,8,22,16,17,19th,13th
Germany,Moldova,7,23,7,15,23,15th,10 points 2nd
Germany,Netherlands,14,5,18,3,11,4 points 7th,4 points 7th
Germany,Norway,6,15,20,7,5,3 points 8th,1 point 10th
Germany,Poland,17,4,23,10,14,14th,8 points 3rd
Germany,Portugal,13,7,17,14,15,16th,11th
Germany,Romania,11,17,4,23,6,1 point 10th,17th
Germany,Serbia,9,10,24,4,18,13th,7 points 4th
Germany,Spain,1,2,8,9,3,8 points 3rd,2 points 9th
Germany,Sweden,4,16,11,2,1,7 points 4th,5 points 6th
Germany,Switzerland,5,21,3,17,19,2 points 9th,16th
Germany,Ukraine,2,1,13,5,2,10 points 2nd,12 points 1st
Germany,United Kingdom,3,3,6,1,4,12 points 1st,6 points 5th
Greece,Armenia,14,23,14,18,19,23rd,15th
Greece,Australia,7,3,4,2,3,8 points 3rd,13th
Greece,Azerbaijan,1,1,2,1,1,12 points 1st,22nd
Greece,Belgium,12,8,24,5,20,12th,18th
Greece,Czech Republic,8,9,12,15,5,2 points 9th,21st
Greece,Estonia,20,22,6,13,22,15th,17th
Greece,Finland,24,21,23,23,17,24th,11th
Greece,France,23,6,21,11,15,13th,1 point 10th
Greece,Germany,22,24,10,16,13,21st,19th
Greece,Iceland,9,11,15,12,23,14th,24th
Greece,Italy,5,5,19,19,21,1 point 10th,7 points 4th
Greece,Lithuania,17,12,18,20,12,22nd,16th
Greece,Moldova,3,4,9,8,16,6 points 5th,3 points 8th
Greece,Netherlands,6,16,16,7,6,4 points 7th,12th
Greece,Norway,11,15,17,22,10,19th,6 points 5th
Greece,Poland,2,2,3,3,2,10 points 2nd,14th
Greece,Portugal,13,14,5,6,11,3 points 8th,20th
Greece,Romania,4,7,8,9,4,7 points 4th,2 points 9th
Greece,Serbia,18,18,7,4,24,11th,8 points 3rd
Greece,Spain,19,19,1,17,7,5 points 6th,12 points 1st
Greece,Sweden,10,17,22,24,9,18th,4 points 7th
Greece,Switzerland,21,10,11,14,14,16th,23rd
Greece,Ukraine,16,13,13,10,18,17th,10 points 2nd
Greece,United Kingdom,15,20,20,21,8,20th,5 points 6th
Iceland,Armenia,15,9,14,15,12,15th,22nd
Iceland,Australia,18,19,5,10,9,11th,17th
Iceland,Azerbaijan,20,23,19,22,21,23rd,24th
Iceland,Belgium,17,18,20,6,18,16th,13th
Iceland,Czech Republic,2,10,15,21,15,2 points 9th,20th
Iceland,Estonia,12,16,17,24,13,19th,11th
Iceland,Finland,13,14,18,13,24,20th,16th
Iceland,France,14,20,23,14,11,18th,21st
Iceland,Germany,21,17,22,20,19,22nd,19th
Iceland,Greece,10,15,13,19,8,13th,23rd
Iceland,Italy,9,6,4,2,16,6 points 5th,12th
Iceland,Lithuania,16,11,6,11,7,1 point 10th,2 points 9th
Iceland,Moldova,24,22,24,17,22,24th,6 points 5th
Iceland,Netherlands,6,7,8,9,6,4 points 7th,5 points 6th
Iceland,Norway,5,4,1,4,4,8 points 3rd,10 points 2nd
Iceland,Poland,22,13,7,18,10,12th,4 points 7th
Iceland,Portugal,11,5,11,8,2,5 points 6th,14th
Iceland,Romania,19,21,16,16,23,21st,18th
Iceland,Serbia,7,24,21,23,17,17th,1 point 10th
Iceland,Spain,4,12,10,7,20,3 points 8th,3 points 8th
Iceland,Sweden,1,2,2,5,3,12 points 1st,8 points 3rd
Iceland,Switzerland,23,8,12,12,14,14th,15th
Iceland,Ukraine,3,3,9,1,1,10 points 2nd,12 points 1st
Iceland,United Kingdom,8,1,3,3,5,7 points 4th,7 points 4th
Ireland,Armenia,21,9,22,13,15,17th,23rd
Ireland,Australia,23,5,6,19,9,2 points 9th,17th
Ireland,Azerbaijan,17,15,9,15,19,16th,25th
Ireland,Belgium,18,20,20,16,23,23rd,22nd
Ireland,Czech Republic,4,4,3,6,4,7 points 4th,20th
Ireland,Estonia,9,11,13,7,17,13th,11th
Ireland,Finland,24,25,24,22,25,25th,16th
Ireland,France,15,24,12,21,20,21st,18th
Ireland,Germany,25,23,16,12,14,19th,15th
Ireland,Greece,14,12,17,8,11,15th,19th
Ireland,Iceland,3,10,19,10,18,1 point 10th,21st
Ireland,Italy,5,17,14,4,1,6 points 5th,13th
Ireland,Lithuania,16,21,15,17,24,22nd,8 points 3rd
Ireland,Moldova,19,22,25,25,22,24th,7 points 4th
Ireland,Netherlands,12,16,18,18,16,18th,12th
Ireland,Norway,22,7,5,24,12,12th,4 points 7th
Ireland,Poland,20,14,7,9,5,11th,10 points 2nd
Ireland,Portugal,8,13,8,3,10,4 points 7th,14th
Ireland,Romania,13,6,11,23,13,14th,2 points 9th
Ireland,Serbia,1,18,23,14,6,5 points 6th,1 point 10th
Ireland,Spain,2,1,2,5,3,12 points 1st,5 points 6th
Ireland,Sweden,6,2,4,2,2,10 points 2nd,3 points 8th
Ireland,Switzerland,10,19,21,20,21,20th,24th
Ireland,Ukraine,7,8,10,11,7,3 points 8th,12 points 1st
Ireland,United Kingdom,11,3,1,1,8,8 points 3rd,6 points 5th
Israel,Armenia,24,19,18,19,24,22nd,16th
Israel,Australia,6,7,12,8,4,5 points 6th,18th
Israel,Azerbaijan,12,14,14,21,12,16th,23rd
Israel,Belgium,3,4,11,17,14,4 points 7th,22nd
Israel,Czech Republic,8,8,6,15,7,2 points 9th,19th
Israel,Estonia,15,18,22,11,15,18th,12th
Israel,Finland,9,9,8,14,13,11th,13th
Israel,France,20,15,19,16,9,17th,15th
Israel,Germany,7,13,16,20,23,14th,21st
Israel,Greece,17,21,10,9,21,15th,20th
Israel,Iceland,22,23,23,22,25,25th,24th
Israel,Italy,4,11,1,1,6,8 points 3rd,3 points 8th
Israel,Lithuania,23,22,24,18,20,23rd,11th
Israel,Moldova,21,25,25,24,19,24th,6 points 5th
Israel,Netherlands,10,20,5,10,17,1 point 10th,2 points 9th
Israel,Norway,14,10,9,7,16,13th,4 points 7th
Israel,Poland,5,5,13,4,3,6 points 5th,1 point 10th
Israel,Portugal,11,12,7,12,11,12th,14th
Israel,Romania,19,17,15,23,10,19th,17th
Israel,Serbia,25,24,20,13,18,20th,7 points 4th
Israel,Spain,16,6,17,3,8,3 points 8th,8 points 3rd
Israel,Sweden,1,2,2,5,1,12 points 1st,5 points 6th
Israel,Switzerland,18,16,21,25,22,21st,25th
Israel,Ukraine,13,3,3,6,2,7 points 4th,12 points 1st
Israel,United Kingdom,2,1,4,2,5,10 points 2nd,10 points 2nd
Italy,Armenia,5,23,3,2,2,8 points 3rd,11th
Italy,Australia,24,4,17,22,3,2 points 9th,21st
Italy,Azerbaijan,18,14,24,20,13,22nd,16th
Italy,Belgium,17,2,6,1,6,7 points 4th,17th
Italy,Czech Republic,20,10,11,10,17,15th,23rd
Italy,Estonia,23,18,22,23,18,23rd,19th
Italy,Finland,7,22,4,11,10,1 point 10th,15th
Italy,France,11,21,21,14,23,20th,22nd
Italy,Germany,16,16,10,12,16,17th,18th
Italy,Greece,1,3,7,15,1,10 points 2nd,14th
Italy,Iceland,13,15,18,21,19,21st,24th
Italy,Lithuania,12,20,5,16,15,14th,13th
Italy,Moldova,14,6,2,5,5,5 points 6th,10 points 2nd
Italy,Netherlands,2,11,1,3,4,12 points 1st,2 points 9th
Italy,Norway,21,19,13,9,12,16th,4 points 7th
Italy,Poland,10,13,23,19,21,19th,3 points 8th
Italy,Portugal,6,17,12,8,14,12th,1 point 10th
Italy,Romania,22,24,16,24,22,24th,8 points 3rd
Italy,Serbia,9,5,9,6,8,4 points 7th,7 points 4th
Italy,Spain,19,8,20,13,24,18th,12th
Italy,Sweden,4,12,19,18,20,13th,5 points 6th
Italy,Switzerland,8,9,15,4,7,3 points 8th,20th
Italy,Ukraine,15,7,8,17,9,11th,12 points 1st
Italy,United Kingdom,3,1,14,7,11,6 points 5th,6 points 5th
Latvia,Armenia,9,14,10,19,6,13th,16th
Latvia,Australia,14,5,4,14,21,2 points 9th,18th
Latvia,Azerbaijan,22,9,18,17,7,17th,22nd
Latvia,Belgium,21,24,16,10,19,19th,23rd
Latvia,Czech Republic,23,7,12,13,14,16th,24th
Latvia,Estonia,11,16,17,12,18,18th,8 points 3rd
Latvia,Finland,19,13,21,20,22,22nd,1 point 10th
Latvia,France,12,23,23,25,16,20th,14th
Latvia,Germany,15,12,11,9,8,14th,19th
Latvia,Greece,5,6,9,5,2,7 points 4th,25th
Latvia,Iceland,13,19,7,15,11,15th,17th
Latvia,Italy,6,21,15,6,10,11th,13th
Latvia,Lithuania,10,10,19,4,12,1 point 10th,10 points 2nd
Latvia,Moldova,18,15,24,23,20,23rd,7 points 4th
Latvia,Netherlands,4,8,14,8,9,4 points 7th,12th
Latvia,Norway,20,11,3,1,13,5 points 6th,5 points 6th
Latvia,Poland,16,18,20,18,17,21st,15th
Latvia,Portugal,8,3,5,11,5,6 points 5th,11th
Latvia,Romania,24,25,22,24,25,25th,20th
Latvia,Serbia,25,22,25,22,24,24th,2 points 9th
Latvia,Spain,17,2,13,21,23,12th,4 points 7th
Latvia,Sweden,2,4,8,2,4,10 points 2nd,6 points 5th
Latvia,Switzerland,7,20,2,16,15,3 points 8th,21st
Latvia,Ukraine,1,1,6,3,1,12 points 1st,12 points 1st
Latvia,United Kingdom,3,17,1,7,3,8 points 3rd,3 points 8th
Lithuania,Armenia,21,17,21,9,13,18th,19th
Lithuania,Australia,17,10,9,13,11,12th,21st
Lithuania,Azerbaijan,10,13,10,15,15,13th,24th
Lithuania,Belgium,11,15,15,19,12,17th,17th
Lithuania,Czech Republic,16,16,16,23,24,20th,22nd
Lithuania,Estonia,22,6,14,17,17,14th,8 points 3rd
Lithuania,Finland,23,24,19,20,21,23rd,13th
Lithuania,France,19,19,20,22,22,22nd,16th
Lithuania,Germany,8,18,18,11,19,16th,14th
Lithuania,Greece,14,21,22,7,8,11th,23rd
Lithuania,Iceland,15,4,23,14,10,2 points 9th,20th
Lithuania,Italy,7,14,5,4,7,4 points 7th,3 points 8th
Lithuania,Moldova,18,22,17,21,20,21st,5 points 6th
Lithuania,Netherlands,5,3,4,10,9,6 points 5th,1 point 10th
Lithuania,Norway,9,20,13,12,14,15th,2 points 9th
Lithuania,Poland,20,12,12,18,16,19th,11th
Lithuania,Portugal,3,5,3,2,5,8 points 3rd,7 points 4th
Lithuania,Romania,24,23,24,24,23,24th,15th
Lithuania,Serbia,13,8,7,16,18,1 point 10th,12th
Lithuania,Spain,6,9,11,6,3,5 points 6th,6 points 5th
Lithuania,Sweden,12,11,6,5,6,3 points 8th,10 points 2nd
Lithuania,Switzerland,4,2,8,8,4,7 points 4th,18th
Lithuania,Ukraine,1,1,1,1,1,12 points 1st,12 points 1st
Lithuania,United Kingdom,2,7,2,3,2,10 points 2nd,4 points 7th
Malta,Armenia,19,13,13,20,24,20th,22nd
Malta,Australia,6,6,6,2,5,6 points 5th,12th
Malta,Azerbaijan,11,15,15,14,3,2 points 9th,24th
Malta,Belgium,18,14,25,24,11,19th,18th
Malta,Czech Republic,9,10,7,9,8,3 points 8th,20th
Malta,Estonia,7,8,5,7,7,5 points 6th,13th
Malta,Finland,13,11,21,10,15,15th,1 point 10th
Malta,France,25,22,23,19,25,25th,21st
Malta,Germany,16,21,24,21,19,24th,19th
Malta,Greece,8,7,12,16,17,1 point 10th,14th
Malta,Iceland,24,25,11,23,18,21st,25th
Malta,Italy,4,2,3,8,6,7 points 4th,10 points 2nd
Malta,Lithuania,14,12,16,18,14,18th,15th
Malta,Moldova,17,23,22,25,16,23rd,11th
Malta,Netherlands,23,18,9,13,21,17th,16th
Malta,Norway,20,24,18,15,22,22nd,4 points 7th
Malta,Poland,15,4,10,6,10,4 points 7th,2 points 9th
Malta,Portugal,10,19,14,12,20,16th,17th
Malta,Romania,22,17,8,11,9,11th,3 points 8th
Malta,Serbia,5,20,19,17,13,12th,6 points 5th
Malta,Spain,3,5,2,1,1,12 points 1st,7 points 4th
Malta,Sweden,2,3,1,4,2,10 points 2nd,5 points 6th
Malta,Switzerland,12,9,17,22,12,14th,23rd
Malta,Ukraine,21,16,20,5,23,13th,8 points 3rd
Malta,United Kingdom,1,1,4,3,4,8 points 3rd,12 points 1st
Moldova,Armenia,15,13,14,15,14,14th,13th
Moldova,Australia,16,2,7,3,8,6 points 5th,23rd
Moldova,Azerbaijan,14,11,8,13,6,1 point 10th,19th
Moldova,Belgium,4,9,4,6,11,4 points 7th,1 point 10th
Moldova,Czech Republic,20,20,20,21,20,21st,21st
Moldova,Estonia,5,18,6,5,4,5 points 6th,7 points 4th
Moldova,Finland,9,23,13,23,17,15th,15th
Moldova,France,19,24,24,24,24,24th,2 points 9th
Moldova,Germany,11,21,17,20,19,19th,16th
Moldova,Greece,17,15,11,16,21,16th,17th
Moldova,Iceland,21,22,22,18,22,22nd,24th
Moldova,Italy,18,19,18,10,18,18th,18th
Moldova,Lithuania,23,12,21,19,16,20th,4 points 7th
Moldova,Netherlands,13,14,9,11,12,13th,14th
Moldova,Norway,8,6,16,14,15,11th,6 points 5th
Moldova,Poland,22,16,19,12,13,17th,22nd
Moldova,Portugal,10,8,12,9,9,2 points 9th,11th
Moldova,Romania,12,10,10,17,10,12th,10 points 2nd
Moldova,Serbia,24,17,23,22,23,23rd,12th
Moldova,Spain,7,7,15,7,7,3 points 8th,8 points 3rd
Moldova,Sweden,2,5,3,4,5,8 points 3rd,5 points 6th
Moldova,Switzerland,6,4,5,8,3,7 points 4th,20th
Moldova,Ukraine,1,1,1,2,1,12 points 1st,12 points 1st
Moldova,United Kingdom,3,3,2,1,2,10 points 2nd,3 points 8th
Montenegro,Serbia,NA,NA,NA,NA,NA,12 points 1st,12 points 1st
Montenegro,Ukraine,NA,NA,NA,NA,NA,6 points 5th,10 points 2nd
Montenegro,Spain,NA,NA,NA,NA,NA,8 points 3rd,8 points 3rd
Montenegro,Moldova,NA,NA,NA,NA,NA,NA,7 points 4th
Montenegro,Italy,NA,NA,NA,NA,NA,10 points 2nd,6 points 5th
Montenegro,Portugal,NA,NA,NA,NA,NA,4 points 7th,5 points 6th
Montenegro,Poland,NA,NA,NA,NA,NA,NA,4 points 7th
Montenegro,Estonia,NA,NA,NA,NA,NA,NA,3 points 8th
Montenegro,Norway,NA,NA,NA,NA,NA,NA,2 points 9th
Montenegro,Sweden,NA,NA,NA,NA,NA,7 points 4th,1 point 10th
Montenegro,United Kingdom,NA,NA,NA,NA,NA,5 points 6th,NA
Montenegro,Netherlands,NA,NA,NA,NA,NA,3 points 8th,NA
Montenegro,Lithuania,NA,NA,NA,NA,NA,2 points 9th,NA
Montenegro,Azerbaijan,NA,NA,NA,NA,NA,1 point 10th,NA
Netherlands,Armenia,8,11,18,15,16,17th,12th
Netherlands,Australia,16,4,6,1,5,7 points 4th,14th
Netherlands,Azerbaijan,17,5,20,10,17,14th,19th
Netherlands,Belgium,10,14,5,3,1,6 points 5th,4 points 7th
Netherlands,Czech Republic,21,22,19,24,21,21st,24th
Netherlands,Estonia,19,18,14,12,19,19th,1 point 10th
Netherlands,Finland,23,19,22,23,22,22nd,20th
Netherlands,France,24,24,24,22,24,24th,22nd
Netherlands,Germany,20,20,7,13,10,16th,18th
Netherlands,Greece,1,3,2,2,8,12 points 1st,21st
Netherlands,Iceland,13,16,9,11,4,11th,23rd
Netherlands,Italy,18,13,16,19,14,18th,15th
Netherlands,Lithuania,4,17,11,9,18,13th,13th
Netherlands,Moldova,5,7,10,17,9,2 points 9th,10 points 2nd
Netherlands,Norway,12,2,12,14,13,3 points 8th,5 points 6th
Netherlands,Poland,7,9,23,18,12,15th,6 points 5th
Netherlands,Portugal,2,15,1,4,11,8 points 3rd,11th
Netherlands,Romania,22,23,21,20,23,23rd,17th
Netherlands,Serbia,15,21,17,21,20,20th,3 points 8th
Netherlands,Spain,6,8,4,7,2,5 points 6th,7 points 4th
Netherlands,Sweden,11,12,15,6,6,1 point 10th,2 points 9th
Netherlands,Switzerland,3,10,3,5,3,10 points 2nd,16th
Netherlands,Ukraine,14,6,8,8,15,12th,12 points 1st
Netherlands,United Kingdom,9,1,13,16,7,4 points 7th,8 points 3rd
North Macedonia,Armenia,21,11,16,16,10,21st,21st
North Macedonia,Australia,1,3,13,18,20,5 points 6th,23rd
North Macedonia,Azerbaijan,6,12,11,3,25,4 points 7th,24th
North Macedonia,Belgium,16,13,5,9,6,3 points 8th,16th
North Macedonia,Czech Republic,25,17,10,20,19,22nd,5 points 6th
North Macedonia,Estonia,7,8,22,23,12,14th,3 points 8th
North Macedonia,Finland,24,25,6,12,17,18th,15th
North Macedonia,France,15,16,23,17,22,24th,19th
North Macedonia,Germany,20,7,24,11,7,13th,20th
North Macedonia,Greece,8,15,4,13,23,11th,22nd
North Macedonia,Iceland,22,23,25,25,21,25th,25th
North Macedonia,Italy,11,21,3,15,1,7 points 4th,6 points 5th
North Macedonia,Lithuania,18,20,9,14,9,17th,1 point 10th
North Macedonia,Moldova,9,24,20,7,18,16th,7 points 4th
North Macedonia,Netherlands,17,14,19,8,15,20th,14th
North Macedonia,Norway,12,22,15,24,16,23rd,2 points 9th
North Macedonia,Poland,4,9,8,22,11,2 points 9th,11th
North Macedonia,Portugal,23,18,17,5,14,15th,17th
North Macedonia,Romania,10,10,14,19,13,19th,13th
North Macedonia,Serbia,2,2,2,1,24,10 points 2nd,12 points 1st
North Macedonia,Spain,5,1,1,2,2,12 points 1st,10 points 2nd
North Macedonia,Sweden,19,5,7,6,3,6 points 5th,4 points 7th
North Macedonia,Switzerland,14,6,18,10,5,1 point 10th,18th
North Macedonia,Ukraine,13,19,12,21,4,12th,8 points 3rd
North Macedonia,United Kingdom,3,4,21,4,8,8 points 3rd,12th
Norway,Armenia,14,21,10,4,4,4 points 7th,15th
Norway,Australia,11,11,17,7,19,13th,21st
Norway,Azerbaijan,18,8,15,22,18,16th,24th
Norway,Belgium,20,22,14,12,16,18th,22nd
Norway,Czech Republic,7,14,9,16,13,12th,11th
Norway,Estonia,17,18,8,15,6,11th,2 points 9th
Norway,Finland,21,24,23,23,20,24th,17th
Norway,France,12,20,7,20,14,14th,14th
Norway,Germany,15,23,22,19,12,21st,18th
Norway,Greece,1,1,3,1,1,12 points 1st,7 points 4th
Norway,Iceland,24,16,19,14,15,22nd,12th
Norway,Italy,16,13,12,18,17,17th,23rd
Norway,Lithuania,19,7,6,10,21,2 points 9th,10 points 2nd
Norway,Moldova,10,19,20,21,23,20th,4 points 7th
Norway,Netherlands,8,9,13,8,3,5 points 6th,16th
Norway,Poland,13,17,18,11,10,15th,5 points 6th
Norway,Portugal,3,5,1,2,2,10 points 2nd,20th
Norway,Romania,22,15,21,17,11,19th,19th
Norway,Serbia,23,10,24,24,24,23rd,3 points 8th
Norway,Spain,6,2,2,5,8,7 points 4th,1 point 10th
Norway,Sweden,5,3,4,3,5,8 points 3rd,8 points 3rd
Norway,Switzerland,9,12,16,9,7,1 point 10th,13th
Norway,Ukraine,4,6,11,13,22,3 points 8th,12 points 1st
Norway,United Kingdom,2,4,5,6,9,6 points 5th,6 points 5th
Poland,Ukraine,NA,NA,NA,NA,NA,12 points 1st,12 points 1st
Poland,Sweden,NA,NA,NA,NA,NA,10 points 2nd,10 points 2nd
Poland,Estonia,NA,NA,NA,NA,NA,NA,8 points 3rd
Poland,Moldova,NA,NA,NA,NA,NA,NA,7 points 4th
Poland,Spain,NA,NA,NA,NA,NA,1 point 10th,6 points 5th
Poland,Serbia,NA,NA,NA,NA,NA,NA,5 points 6th
Poland,Norway,NA,NA,NA,NA,NA,NA,4 points 7th
Poland,United Kingdom,NA,NA,NA,NA,NA,8 points 3rd,3 points 8th
Poland,Lithuania,NA,NA,NA,NA,NA,NA,2 points 9th
Poland,Portugal,NA,NA,NA,NA,NA,7 points 4th,1 point 10th
Poland,Australia,NA,NA,NA,NA,NA,6 points 5th,NA
Poland,Switzerland,NA,NA,NA,NA,NA,5 points 6th,NA
Poland,Italy,NA,NA,NA,NA,NA,4 points 7th,NA
Poland,Netherlands,NA,NA,NA,NA,NA,3 points 8th,NA
Poland,Greece,NA,NA,NA,NA,NA,2 points 9th,NA
Portugal,Armenia,8,6,13,7,15,1 point 10th,15th
Portugal,Australia,21,15,22,13,23,22nd,21st
Portugal,Azerbaijan,7,11,9,21,19,14th,24th
Portugal,Belgium,11,21,12,22,22,18th,20th
Portugal,Czech Republic,17,7,16,19,11,16th,22nd
Portugal,Estonia,14,20,18,14,18,20th,12th
Portugal,Finland,23,22,20,12,21,24th,16th
Portugal,France,18,16,11,23,16,19th,19th
Portugal,Germany,22,10,24,18,24,21st,14th
Portugal,Greece,5,14,7,8,5,4 points 7th,18th
Portugal,Iceland,3,2,5,6,20,6 points 5th,23rd
Portugal,Italy,15,8,21,20,8,15th,3 points 8th
Portugal,Lithuania,4,4,1,16,14,5 points 6th,1 point 10th
Portugal,Moldova,20,17,14,2,17,11th,8 points 3rd
Portugal,Netherlands,1,3,8,10,7,7 points 4th,4 points 7th
Portugal,Norway,16,18,19,9,4,13th,2 points 9th
Portugal,Poland,19,24,17,11,10,17th,11th
Portugal,Romania,24,19,23,17,13,23rd,13th
Portugal,Serbia,13,9,4,24,6,3 points 8th,5 points 6th
Portugal,Spain,6,1,2,4,2,12 points 1st,10 points 2nd
Portugal,Sweden,10,5,15,15,9,12th,7 points 4th
Portugal,Switzerland,9,23,10,3,12,2 points 9th,17th
Portugal,Ukraine,12,12,6,1,1,8 points 3rd,12 points 1st
Portugal,United Kingdom,2,13,3,5,3,10 points 2nd,6 points 5th
Romania,Moldova,NA,NA,NA,NA,NA,NA,12 points 1st
Romania,Ukraine,NA,NA,NA,NA,NA,12 points 1st,10 points 2nd
Romania,Spain,NA,NA,NA,NA,NA,1 point 10th,8 points 3rd
Romania,Serbia,NA,NA,NA,NA,NA,NA,7 points 4th
Romania,Sweden,NA,NA,NA,NA,NA,10 points 2nd,6 points 5th
Romania,Estonia,NA,NA,NA,NA,NA,NA,5 points 6th
Romania,Italy,NA,NA,NA,NA,NA,4 points 7th,4 points 7th
Romania,United Kingdom,NA,NA,NA,NA,NA,8 points 3rd,3 points 8th
Romania,Norway,NA,NA,NA,NA,NA,NA,2 points 9th
Romania,France,NA,NA,NA,NA,NA,NA,1 point 10th
Romania,Portugal,NA,NA,NA,NA,NA,7 points 4th,NA
Romania,Australia,NA,NA,NA,NA,NA,6 points 5th,NA
Romania,Switzerland,NA,NA,NA,NA,NA,5 points 6th,NA
Romania,Netherlands,NA,NA,NA,NA,NA,3 points 8th,NA
Romania,Greece,NA,NA,NA,NA,NA,2 points 9th,NA
San Marino,Ukraine,NA,NA,NA,NA,NA,2 points 9th,12 points 1st
San Marino,Spain,NA,NA,NA,NA,NA,12 points 1st,10 points 2nd
San Marino,Serbia,NA,NA,NA,NA,NA,NA,8 points 3rd
San Marino,Greece,NA,NA,NA,NA,NA,10 points 2nd,7 points 4th
San Marino,United Kingdom,NA,NA,NA,NA,NA,8 points 3rd,6 points 5th
San Marino,Italy,NA,NA,NA,NA,NA,3 points 8th,5 points 6th
San Marino,Moldova,NA,NA,NA,NA,NA,NA,4 points 7th
San Marino,Sweden,NA,NA,NA,NA,NA,5 points 6th,3 points 8th
San Marino,Norway,NA,NA,NA,NA,NA,NA,2 points 9th
San Marino,Romania,NA,NA,NA,NA,NA,NA,1 point 10th
San Marino,Azerbaijan,NA,NA,NA,NA,NA,7 points 4th,NA
San Marino,Australia,NA,NA,NA,NA,NA,6 points 5th,NA
San Marino,Poland,NA,NA,NA,NA,NA,4 points 7th,NA
San Marino,Switzerland,NA,NA,NA,NA,NA,1 point 10th,NA
Serbia,Armenia,16,15,5,10,12,12th,19th
Serbia,Australia,14,18,14,7,11,14th,20th
Serbia,Azerbaijan,4,8,2,1,2,12 points 1st,22nd
Serbia,Belgium,2,21,3,2,6,8 points 3rd,14th
Serbia,Czech Republic,8,9,16,5,9,3 points 8th,17th
Serbia,Estonia,3,2,13,3,5,10 points 2nd,6 points 5th
Serbia,Finland,1,13,9,6,4,6 points 5th,12th
Serbia,France,22,20,12,24,24,24th,2 points 9th
Serbia,Germany,19,16,7,11,16,17th,21st
Serbia,Greece,6,12,18,22,13,15th,15th
Serbia,Iceland,20,24,4,23,23,16th,23rd
Serbia,Italy,10,11,11,21,18,19th,4 points 7th
Serbia,Lithuania,5,17,8,8,19,2 points 9th,3 points 8th
Serbia,Moldova,23,22,15,14,22,23rd,12 points 1st
Serbia,Netherlands,15,6,6,17,17,11th,13th
Serbia,Norway,24,10,19,15,20,22nd,8 points 3rd
Serbia,Poland,11,14,20,16,8,18th,18th
Serbia,Portugal,17,4,1,4,10,7 points 4th,11th
Serbia,Romania,7,23,17,9,14,13th,5 points 6th
Serbia,Spain,9,3,22,19,3,4 points 7th,10 points 2nd
Serbia,Sweden,13,1,23,18,1,5 points 6th,1 point 10th
Serbia,Switzerland,21,19,10,12,21,21st,24th
Serbia,Ukraine,18,7,24,20,15,20th,7 points 4th
Serbia,United Kingdom,12,5,21,13,7,1 point 10th,16th
Slovenia,Armenia,10,18,18,22,19,16th,21st
Slovenia,Australia,16,15,15,13,12,15th,23rd
Slovenia,Azerbaijan,11,7,14,14,13,14th,25th
Slovenia,Belgium,8,19,21,7,10,13th,19th
Slovenia,Czech Republic,18,17,13,15,20,17th,22nd
Slovenia,Estonia,13,24,17,18,16,18th,12th
Slovenia,Finland,25,22,24,24,23,24th,11th
Slovenia,France,24,16,16,19,24,20th,20th
Slovenia,Germany,19,14,19,16,18,19th,15th
Slovenia,Greece,9,4,11,8,6,4 points 7th,8 points 3rd
Slovenia,Iceland,22,20,20,20,17,21st,24th
Slovenia,Italy,1,2,7,1,1,12 points 1st,6 points 5th
Slovenia,Lithuania,2,12,4,3,2,10 points 2nd,2 points 9th
Slovenia,Moldova,21,21,23,23,22,23rd,7 points 4th
Slovenia,Netherlands,7,5,1,4,7,7 points 4th,1 point 10th
Slovenia,Norway,14,13,12,17,3,12th,3 points 8th
Slovenia,Poland,23,23,22,21,15,22nd,18th
Slovenia,Portugal,6,3,10,9,21,3 points 8th,13th
Slovenia,Romania,20,25,25,25,25,25th,17th
Slovenia,Serbia,5,1,8,2,14,6 points 5th,12 points 1st
Slovenia,Spain,12,10,9,6,9,1 point 10th,4 points 7th
Slovenia,Sweden,17,8,5,10,11,11th,5 points 6th
Slovenia,Switzerland,4,11,6,12,5,5 points 6th,16th
Slovenia,Ukraine,3,6,2,5,4,8 points 3rd,10 points 2nd
Slovenia,United Kingdom,15,9,3,11,8,2 points 9th,14th
Spain,Armenia,19,21,18,9,20,19th,11th
Spain,Australia,8,5,2,8,2,8 points 3rd,20th
Spain,Azerbaijan,1,1,1,1,3,12 points 1st,23rd
Spain,Belgium,3,8,5,15,7,5 points 6th,18th
Spain,Czech Republic,12,11,13,16,22,18th,19th
Spain,Estonia,14,14,15,11,10,15th,15th
Spain,Finland,18,18,8,17,15,17th,14th
Spain,France,21,23,20,21,18,22nd,13th
Spain,Germany,13,17,17,5,23,14th,16th
Spain,Greece,15,7,10,3,17,2 points 9th,21st
Spain,Iceland,24,16,22,24,24,23rd,24th
Spain,Italy,4,3,4,6,4,10 points 2nd,5 points 6th
Spain,Lithuania,16,10,11,19,6,13th,12th
Spain,Moldova,23,24,24,23,16,24th,7 points 4th
Spain,Netherlands,17,20,19,12,8,16th,17th
Spain,Norway,20,22,21,20,11,21st,3 points 8th
Spain,Poland,10,9,7,13,9,11th,1 point 10th
Spain,Portugal,6,15,12,7,21,12th,4 points 7th
Spain,Romania,5,12,14,2,14,4 points 7th,10 points 2nd
Spain,Serbia,11,4,6,22,1,6 points 5th,2 points 9th
Spain,Sweden,2,2,9,4,12,7 points 4th,6 points 5th
Spain,Switzerland,7,19,3,18,13,1 point 10th,22nd
Spain,Ukraine,22,13,23,14,19,20th,12 points 1st
Spain,United Kingdom,9,6,16,10,5,3 points 8th,8 points 3rd
Sweden,Armenia,23,21,10,4,4,2 points 9th,12th
Sweden,Australia,2,4,13,16,1,10 points 2nd,15th
Sweden,Azerbaijan,5,6,4,20,3,7 points 4th,24th
Sweden,Belgium,7,14,21,2,15,1 point 10th,13th
Sweden,Czech Republic,16,5,7,3,21,5 points 6th,20th
Sweden,Estonia,4,2,6,15,20,6 points 5th,4 points 7th
Sweden,Finland,6,18,15,11,6,13th,7 points 4th
Sweden,France,21,23,20,19,23,24th,21st
Sweden,Germany,11,13,17,17,8,17th,17th
Sweden,Greece,19,3,8,21,7,11th,23rd
Sweden,Iceland,17,8,18,23,14,21st,18th
Sweden,Italy,22,22,2,13,11,12th,16th
Sweden,Lithuania,10,9,22,14,13,18th,3 points 8th
Sweden,Moldova,24,16,23,6,24,20th,11th
Sweden,Netherlands,14,19,14,9,10,19th,1 point 10th
Sweden,Norway,20,1,9,12,19,3 points 8th,10 points 2nd
Sweden,Poland,18,15,12,22,16,23rd,5 points 6th
Sweden,Portugal,9,17,3,18,22,14th,19th
Sweden,Romania,12,11,16,7,18,16th,14th
Sweden,Serbia,3,7,24,5,17,4 points 7th,8 points 3rd
Sweden,Spain,1,24,5,1,5,12 points 1st,2 points 9th
Sweden,Switzerland,15,20,19,24,9,22nd,22nd
Sweden,Ukraine,8,12,11,10,12,15th,12 points 1st
Sweden,United Kingdom,13,10,1,8,2,8 points 3rd,6 points 5th
Switzerland,Armenia,8,13,14,10,19,14th,16th
Switzerland,Australia,2,10,5,18,6,4 points 7th,18th
Switzerland,Azerbaijan,12,15,22,5,12,12th,22nd
Switzerland,Belgium,24,16,17,14,15,19th,21st
Switzerland,Czech Republic,11,12,4,22,21,11th,24th
Switzerland,Estonia,19,17,23,17,8,17th,11th
Switzerland,Finland,15,22,19,23,16,21st,14th
Switzerland,France,20,23,18,20,13,20th,20th
Switzerland,Germany,18,20,21,15,24,22nd,2 points 9th
Switzerland,Greece,1,2,2,7,7,12 points 1st,19th
Switzerland,Iceland,14,8,13,11,17,15th,23rd
Switzerland,Italy,5,3,7,12,10,2 points 9th,8 points 3rd
Switzerland,Lithuania,17,9,8,13,11,13th,15th
Switzerland,Moldova,22,24,20,24,14,23rd,4 points 7th
Switzerland,Netherlands,3,4,11,2,4,10 points 2nd,13th
Switzerland,Norway,13,14,6,9,9,1 point 10th,12th
Switzerland,Poland,9,19,16,16,18,18th,1 point 10th
Switzerland,Portugal,21,1,12,1,20,5 points 6th,7 points 4th
Switzerland,Romania,23,21,15,21,23,24th,17th
Switzerland,Serbia,7,18,24,19,22,16th,12 points 1st
Switzerland,Spain,16,7,1,4,3,8 points 3rd,6 points 5th
Switzerland,Sweden,4,11,3,8,2,7 points 4th,3 points 8th
Switzerland,Ukraine,10,6,10,3,5,3 points 8th,10 points 2nd
Switzerland,United Kingdom,6,5,9,6,1,6 points 5th,5 points 6th
Ukraine,Armenia,12,7,12,8,13,2 points 9th,23rd
Ukraine,Australia,3,24,11,17,10,3 points 8th,20th
Ukraine,Azerbaijan,1,9,5,6,8,5 points 6th,19th
Ukraine,Belgium,9,21,20,16,24,19th,18th
Ukraine,Czech Republic,14,3,14,18,19,1 point 10th,16th
Ukraine,Estonia,7,22,10,20,20,15th,5 points 6th
Ukraine,Finland,17,13,17,19,14,20th,4 points 7th
Ukraine,France,20,11,23,14,7,14th,14th
Ukraine,Germany,10,16,16,15,21,18th,12th
Ukraine,Greece,4,5,6,3,6,7 points 4th,24th
Ukraine,Iceland,16,19,8,10,15,13th,8 points 3rd
Ukraine,Italy,21,15,21,12,5,12th,21st
Ukraine,Lithuania,24,20,19,11,17,21st,10 points 2nd
Ukraine,Moldova,18,18,7,23,23,17th,6 points 5th
Ukraine,Netherlands,6,2,4,4,3,8 points 3rd,3 points 8th
Ukraine,Norway,15,14,18,13,11,16th,2 points 9th
Ukraine,Poland,11,10,15,7,12,11th,12 points 1st
Ukraine,Portugal,5,6,3,2,2,10 points 2nd,13th
Ukraine,Romania,23,17,13,21,16,22nd,17th
Ukraine,Serbia,19,23,24,22,22,24th,15th
Ukraine,Spain,22,12,22,24,18,23rd,1 point 10th
Ukraine,Sweden,13,4,9,9,9,4 points 7th,11th
Ukraine,Switzerland,8,8,2,5,4,6 points 5th,22nd
Ukraine,United Kingdom,2,1,1,1,1,12 points 1st,7 points 4th
Sheet40,Armenia,19,21,15,15,23,22nd,20th
Sheet40,Australia,2,3,6,9,20,6 points 5th,19th
Sheet40,Azerbaijan,18,5,1,4,9,7 points 4th,22nd
Sheet40,Belgium,17,14,13,22,17,21st,21st
Sheet40,Czech Republic,10,16,10,7,11,12th,18th
Sheet40,Estonia,12,6,14,2,8,5 points 6th,2 points 9th
Sheet40,Finland,4,22,19,12,19,14th,11th
Sheet40,France,23,23,24,24,22,24th,17th
Sheet40,Germany,15,19,17,23,24,23rd,15th
Sheet40,Greece,5,13,8,8,5,4 points 7th,13th
Sheet40,Iceland,9,24,22,18,10,18th,23rd
Sheet40,Italy,21,8,4,16,16,11th,12th
Sheet40,Lithuania,13,18,20,17,4,13th,7 points 4th
Sheet40,Moldova,16,15,23,11,12,19th,8 points 3rd
Sheet40,Netherlands,22,20,11,10,18,20th,16th
Sheet40,Norway,7,12,18,20,13,16th,6 points 5th
Sheet40,Poland,6,4,2,3,14,8 points 3rd,10 points 2nd
Sheet40,Portugal,8,10,9,21,2,3 points 8th,14th
Sheet40,Romania,11,17,12,13,15,17th,3 points 8th
Sheet40,Serbia,24,2,21,19,6,1 point 10th,1 point 10th
Sheet40,Spain,1,7,7,5,3,10 points 2nd,5 points 6th
Sheet40,Sweden,3,1,5,1,1,12 points 1st,4 points 7th
Sheet40,Switzerland,14,9,3,6,21,2 points 9th,24th
Sheet40,Ukraine,20,11,16,14,7,15th,12 points 1st
